Workbook

Sheet README
A1: dados_t_pareado.xlsx - Conjuntos de dados pareados (EAPADados)
A3: Este arquivo reune conjuntos de dados PAREADOS reconstruidos/simulados a partir de artigos cientificos de
A4: pesca, aquicultura e ecologia aquatica, para apoio didatico ao TESTE t PAREADO no pacote EAPADados.
A6: PRINCIPIO ADOTADO (importante): so foram incluidos valores absolutos quando o artigo reporta a magnitude de
A7: cada condicao (media/desvio/faixa). Os valores individuais sao reconstruidos por amostragem log-normal
A8: calibrada para reproduzir essas magnitudes (nao-negativas, assimetricas a direita) e a correlacao intra-par
A9: que reproduz o t. NAO correspondem aos dados brutos originais dos autores; cada base tem documentacao (dict_XX)
A10: com a referencia, a origem dos dados e a validacao estatistica (t/p reportado vs simulado).
A12: Artigo NAO incluido: 'The impact of aquaculture cyber extension...' (Hendri et al., 2021) reporta apenas a
A13: DIFERENCA media (sem a media absoluta de cada condicao); como nao ha magnitude absoluta para ancorar, optou-se
A14: por nao inventar valores antes/depois.
A16: Uso no R: t.test(dados$valor_1, dados$valor_2, paired = TRUE)
... A19: A coluna 'diferenca' (= valor_2 - valor_1) e a validacao estatistica sao formulas do Excel.

Sheet indice_artigos
A1: artigo_id | B1: titulo_curto | C1: ano | D1: area | E1: tipo_pareamento | F1: variavel_principal | G1: origem_dados | H1: aba_dados | I1: aba_dicionario | J1: status | K1: observacoes
A2: art_01 | B2: Barragens de baixa altura x peixes (China) | C2: 2022 | D2: Ecologia aquatica / pesca continental | E2: represado x livre | F2: abundancia nativa | G2: reconstruido_de_tabela | H2: dados_01_barragens | I2: dict_01_barragens | J2: Processado | K2: Valores ancorados nas magnitudes reportadas.
A3: art_02 | B3: Ebulicao vs difusao de CH4 em viveiros | C3: 2023 | D3: Aquicultura / ecologia aquatica (gases de efeito estufa) | E3: centro x margem | F3: emissao difusiva CH4 | G3: simulado_com_base_no_artigo | H3: dados_02_metano | I3: dict_02_metano | J3: Processado | K3: Valores ancorados nas magnitudes reportadas.

Sheet dados_01_barragens
A1: id_par | B1: artigo_id | C1: unidade_observacional | D1: grupo | E1: condicao_1 | F1: valor_1 | G1: condicao_2 | H1: valor_2 | I1: diferenca | J1: variavel | K1: unidade | L1: origem_dados | M1: observacao
A2: 1 | B2: art_01 | C2: barragem | E2: impoundment | F2: 15 | G2: free_flowing | H2: 27 | I2: =H2-F2 -> 12 | J2: abundancia_nativa | K2: n_individuos | L2: reconstruido_de_tabela
A3: 2 | B3: art_01 | C3: barragem | E3: impoundment | F3: 7 | G3: free_flowing | H3: 36 | I3: =H3-F3 -> 29 | J3: abundancia_nativa | K3: n_individuos | L3: reconstruido_de_tabela
A4: 3 | B4: art_01 | C4: barragem | E4: impoundment | F4: 26 | G4: free_flowing | H4: 59 | I4: =H4-F4 -> 33 | J4: abundancia_nativa | K4: n_individuos | L4: reconstruido_de_tabela
A5: 4 | B5: art_01 | C5: barragem | E5: impoundment | F5: 17 | G5: free_flowing | H5: 91 | I5: =H5-F5 -> 74 | J5: abundancia_nativa | K5: n_individuos | L5: reconstruido_de_tabela
A6: 5 | B6: art_01 | C6: barragem | E6: impoundment | F6: 37 | G6: free_flowing | H6: 49 | I6: =H6-F6 -> 12 | J6: abundancia_nativa | K6: n_individuos | L6: reconstruido_de_tabela
A7: 6 | B7: art_01 | C7: barragem | E7: impoundment | F7: 72 | G7: free_flowing | H7: 84 | I7: =H7-F7 -> 12 | J7: abundancia_nativa | K7: n_individuos | L7: reconstruido_de_tabela
A8: 7 | B8: art_01 | C8: barragem | E8: impoundment | F8: 13 | G8: free_flowing | H8: 56 | I8: =H8-F8 -> 43 | J8: abundancia_nativa | K8: n_individuos | L8: reconstruido_de_tabela
A9: 8 | B9: art_01 | C9: barragem | E9: impoundment | F9: 14 | G9: free_flowing | H9: 75 | I9: =H9-F9 -> 61 | J9: abundancia_nativa | K9: n_individuos | L9: reconstruido_de_tabela
A10: 9 | B10: art_01 | C10: barragem | E10: impoundment | F10: 15 | G10: free_flowing | H10: 43 | I10: =H10-F10 -> 28 | J10: abundancia_nativa | K10: n_individuos | L10: reconstruido_de_tabela
A11: 10 | B11: art_01 | C11: barragem | E11: impoundment | F11: 13 | G11: free_flowing | H11: 41 | I11: =H11-F11 -> 28 | J11: abundancia_nativa | K11: n_individuos | L11: reconstruido_de_tabela
A12: 11 | B12: art_01 | C12: barragem | E12: impoundment | F12: 70 | G12: free_flowing | H12: 100 | I12: =H12-F12 -> 30 | J12: abundancia_nativa | K12: n_individuos | L12: reconstruido_de_tabela
A13: 12 | B13: art_01 | C13: barragem | E13: impoundment | F13: 14 | G13: free_flowing | H13: 14 | I13: =H13-F13 -> 0 | J13: abundancia_nativa | K13: n_individuos | L13: reconstruido_de_tabela
... A123: 61 | B123: art_01 | C123: barragem | E123: impoundment | F123: 6 | G123: free_flowing | H123: 5 | I123: =H123-F123 -> -1 | J123: riqueza_total | K123: n_especies | L123: reconstruido_de_tabela

Sheet dict_01_barragens
A1: Campo | B1: Conteudo
A2: artigo_id | B2: art_01
A3: referencia_abnt | B3: LI, Q. et al. Role of Impoundments Created by Low-Head Dams in Affecting Fish Assemblages in Subtropical Headwater Streams in China. Frontiers in Ecology and Evolution, v. 10, art. 916873, 2022. DOI: 10.3389/fevo.2022.916873.
A4: titulo | B4: Role of Impoundments Created by Low-Head Dams in Affecting Fish Assemblages in Subtropical Headwater Streams in China
A5: autores | B5: Li Q, Li X, Fu H, Tan K, Ge Y, Chu L, Zhang C, Yan Y
A6: ano | B6: 2022
A7: periodico | B7: Frontiers in Ecology and Evolution
A8: doi | B8: 10.3389/fevo.2022.916873
A9: link | B9: https://www.frontiersin.org/articles/10.3389/fevo.2022.916873
A10: area | B10: Ecologia aquatica / pesca continental
A11: objetivo_estudo | B11: Avaliar os efeitos de barragens de baixa altura sobre as assembleias de peixes em riachos de cabeceira.
A12: contexto | B12: 61 barragens em riachos de primeira ordem das Montanhas Wannan (China); cada barragem cria um trecho represado a montante e um trecho livre de referencia.
... A22: limitacoes | B22: Os valores individuais sao reconstruidos (nao sao os dados originais). As marginais simuladas aproximam as medias/DP reportadas e os valores sao nao-negativos e assimetricos a direita, como contagens de peixes. A conclusao estatistica do artigo e preservada.
A24: Magnitude simulada (conferencia)
A25: abundancia_nativa | B25: impoundment: media 30.9, dp 24.7, faixa 5-110 || free_flowing: media 47.5, dp 28.3, faixa 12-115
A26: riqueza_total | B26: impoundment: media 4.9, dp 2.1, faixa 2-11 || free_flowing: media 5.2, dp 2.1, faixa 2-10
A28: Validacao estatistica (Secao 11 da skill)
A29: variavel | B29: t_reportado | C29: gl_reportado | D29: p_reportado | E29: decisao_artigo | F29: t_simulado | G29: gl_simulado | H29: p_simulado | I29: decisao_simulada | J29: conclusao_compativel
A30: abundancia_nativa | B30: 3.89 | C30: 60 | D30: <0.001 | E30: significativo | F30: =AVERAGE(dados_01_barragens!I2:I62)/(STDEV(dados_01_barragens!I2:I62)/SQRT(COUNT(dados_01_barragens!I2:I62))) -> 3.9032222 | G30: =COUNT(dados_01_barragens!I2:I62)-1 -> 60 | H30: =TDIST(ABS(F30),G30,2) -> 0.00024293814 | I30: =IF(H30<0.05,"significativo","nao significativo") -> significativo | J30: =IF(E30=I30,"Sim","NAO") -> Sim
A31: riqueza_total | B31: 1.24 | C31: 60 | D31: 0.22 | E31: nao significativo | F31: =AVERAGE(dados_01_barragens!I63:I123)/(STDEV(dados_01_barragens!I63:I123)/SQRT(COUNT(dados_01_barragens!I63:I123))) -> 1.2539165 | G31: =COUNT(dados_01_barragens!I63:I123)-1 -> 60 | H31: =TDIST(ABS(F31),G31,2) -> 0.21473591 | I31: =IF(H31<0.05,"significativo","nao significativo") -> nao significativo | J31: =IF(E31=I31,"Sim","NAO") -> Sim

Sheet dados_02_metano
A1: id_par | B1: artigo_id | C1: unidade_observacional | D1: grupo | E1: condicao_1 | F1: valor_1 | G1: condicao_2 | H1: valor_2 | I1: diferenca | J1: variavel | K1: unidade | L1: origem_dados | M1: observacao
A2: 1 | B2: art_02 | C2: viveiro | E2: centro | F2: 11.7 | G2: margem | H2: 10.6 | I2: =H2-F2 -> -1.1 | J2: emissao_difusiva_CH4 | K2: mg CH4 m-2 d-1 | L2: simulado_com_base_no_artigo
A3: 2 | B3: art_02 | C3: viveiro | E3: centro | F3: 49 | G3: margem | H3: 26.7 | I3: =H3-F3 -> -22.3 | J3: emissao_difusiva_CH4 | K3: mg CH4 m-2 d-1 | L3: simulado_com_base_no_artigo
A4: 3 | B4: art_02 | C4: viveiro | E4: centro | F4: 4.8 | G4: margem | H4: 2.5 | I4: =H4-F4 -> -2.3 | J4: emissao_difusiva_CH4 | K4: mg CH4 m-2 d-1 | L4: simulado_com_base_no_artigo
A5: 4 | B5: art_02 | C5: viveiro | E5: centro | F5: 11.6 | G5: margem | H5: 4.6 | I5: =H5-F5 -> -7 | J5: emissao_difusiva_CH4 | K5: mg CH4 m-2 d-1 | L5: simulado_com_base_no_artigo
A6: 5 | B6: art_02 | C6: viveiro | E6: centro | F6: 3.1 | G6: margem | H6: 1 | I6: =H6-F6 -> -2.1 | J6: emissao_difusiva_CH4 | K6: mg CH4 m-2 d-1 | L6: simulado_com_base_no_artigo
A7: 6 | B7: art_02 | C7: viveiro | E7: centro | F7: 22.6 | G7: margem | H7: 10.7 | I7: =H7-F7 -> -11.9 | J7: emissao_difusiva_CH4 | K7: mg CH4 m-2 d-1 | L7: simulado_com_base_no_artigo
A8: 7 | B8: art_02 | C8: viveiro | E8: centro | F8: 8.9 | G8: margem | H8: 5.9 | I8: =H8-F8 -> -3 | J8: emissao_difusiva_CH4 | K8: mg CH4 m-2 d-1 | L8: simulado_com_base_no_artigo
A9: 8 | B9: art_02 | C9: viveiro | E9: centro | F9: 10.8 | G9: margem | H9: 4.6 | I9: =H9-F9 -> -6.2 | J9: emissao_difusiva_CH4 | K9: mg CH4 m-2 d-1 | L9: simulado_com_base_no_artigo
A10: 9 | B10: art_02 | C10: viveiro | E10: centro | F10: 8.6 | G10: margem | H10: 5.1 | I10: =H10-F10 -> -3.5 | J10: emissao_difusiva_CH4 | K10: mg CH4 m-2 d-1 | L10: simulado_com_base_no_artigo
A11: 10 | B11: art_02 | C11: viveiro | E11: centro | F11: 21.3 | G11: margem | H11: 17.8 | I11: =H11-F11 -> -3.5 | J11: emissao_difusiva_CH4 | K11: mg CH4 m-2 d-1 | L11: simulado_com_base_no_artigo
A12: 11 | B12: art_02 | C12: viveiro | E12: centro | F12: 18 | G12: margem | H12: 13 | I12: =H12-F12 -> -5 | J12: emissao_difusiva_CH4 | K12: mg CH4 m-2 d-1 | L12: simulado_com_base_no_artigo
A13: 12 | B13: art_02 | C13: viveiro | E13: centro | F13: 11.9 | G13: margem | H13: 9.7 | I13: =H13-F13 -> -2.2 | J13: emissao_difusiva_CH4 | K13: mg CH4 m-2 d-1 | L13: simulado_com_base_no_artigo
... A49: 48 | B49: art_02 | C49: viveiro | E49: centro | F49: 5.9 | G49: margem | H49: 3.6 | I49: =H49-F49 -> -2.3 | J49: emissao_difusiva_CH4 | K49: mg CH4 m-2 d-1 | L49: simulado_com_base_no_artigo

Sheet dict_02_metano
A1: Campo | B1: Conteudo
A2: artigo_id | B2: art_02
A3: referencia_abnt | B3: VROOM, R. J. E. et al. Widespread dominance of methane ebullition over diffusion in freshwater aquaculture ponds. Frontiers in Water, v. 5, art. 1256799, 2023. DOI: 10.3389/frwa.2023.1256799.
A4: titulo | B4: Widespread dominance of methane ebullition over diffusion in freshwater aquaculture ponds
A5: autores | B5: Vroom RJE, Kosten S, Almeida RM, Mendonca R, Muzitano IS, Barbosa I, Nasario J, Oliveira Junior ES, Flecker AS, Barros N
A6: ano | B6: 2023
A7: periodico | B7: Frontiers in Water
A8: doi | B8: 10.3389/frwa.2023.1256799
A9: link | B9: https://www.frontiersin.org/articles/10.3389/frwa.2023.1256799
A10: area | B10: Aquicultura / ecologia aquatica (gases de efeito estufa)
A11: objetivo_estudo | B11: Quantificar e comparar as emissoes de metano (CH4) por ebulicao e por difusao em viveiros de piscicultura.
A12: contexto | B12: 48 viveiros de piscicultura de agua doce no Brasil; emissao difusiva de CH4 medida no centro e na margem de cada viveiro.
... A22: limitacoes | B22: Os valores individuais sao simulados. As marginais aproximam mediana/media reportadas, permanecem dentro da faixa observada e sao assimetricas a direita, como fluxos de gas. O truncamento a faixa reduz levemente a media da margem. A conclusao estatistica do artigo e preservada.
A24: Magnitude simulada (conferencia)
A25: emissao_difusiva_CH4 | B25: centro: media 17.7, dp 19.1, faixa 1.9-82.7 || margem: media 8.7, dp 8.6, faixa 0.9-33.5
A27: Validacao estatistica (Secao 11 da skill)
A28: variavel | B28: t_reportado | C28: gl_reportado | D28: p_reportado | E28: decisao_artigo | F28: t_simulado | G28: gl_simulado | H28: p_simulado | I28: decisao_simulada | J28: conclusao_compativel
A29: emissao_difusiva_CH4 | B29: -5.52 | C29: 47 | D29: <0.001 | E29: significativo | F29: =AVERAGE(dados_02_metano!I2:I49)/(STDEV(dados_02_metano!I2:I49)/SQRT(COUNT(dados_02_metano!I2:I49))) -> -5.5190956 | G29: =COUNT(dados_02_metano!I2:I49)-1 -> 47 | H29: =TDIST(ABS(F29),G29,2) -> 1.4269362e-06 | I29: =IF(H29<0.05,"significativo","nao significativo") -> significativo | J29: =IF(E29=I29,"Sim","NAO") -> Sim
